Link, Name
https://x.com/duonghoangkhoa,hoangkhoa
https://x.com/amirxrp1908,Amir
https://x.com/xx_xonaxx,PeePeePooPoo | $flippy
https://x.com/Migueofficialx,Miguel Ramirez
https://x.com/Gettrixflipbrix,all so
https://x.com/SensaiHill,Adam
https://x.com/BitBenCrypto,BitBen
https://x.com/eaglexrp_,Eagle_XRP PAPI
https://x.com/17MrScottie,Parent Capital Investments
https://x.com/BubbaBalou,Dev
https://x.com/Richard_Janicek,Richard Janicek
https://x.com/LordYupa2,Lord Yupa
https://x.com/AmyAwakenedOne,UsedToBe@realBasedAmy
https://x.com/EklundTed,Mr Derp
https://x.com/DaBlackMamba248,RippleTron
https://x.com/TQntXrpAlgo,Yamamoto
https://x.com/observer__1903,vokial
https://x.com/iXRP95,Muten Roshi
https://x.com/holidaiz,Holidaiz
https://x.com/vincharelsworth,Vin Charelsworth
https://x.com/BigBlackCheney,Ben
https://x.com/RodBBPimentel,Rodrigo B B Pimentel
https://x.com/travismichael82,Travis Michael
https://x.com/d1l1yd,moneyfestation
https://x.com/XRP_Nurse2903,XRP Nurse2903
https://x.com/SamuelMore90449,Samuel Moreno
https://x.com/daiyonnie,D #WCP
https://x.com/northidahojoe,North Idaho Joe
https://x.com/beggar8,Eric
https://x.com/remasterd7,Berlin
https://x.com/Deplorable38,_X_treme____R_adical____P_rosperity
https://x.com/Crypto_Echo_,Crypto_Echo_
https://x.com/MrGulati8,CryptoG$
https://x.com/svmargarita,Entropy in Motion
https://x.com/gimmimines,Gavin
https://x.com/StewartForbes12,Stewart Forbes
https://x.com/RB_xrp,RB
https://x.com/nando_tool,Fernando trujillo
https://x.com/Maximus_milla,Max
https://x.com/Kobayashi72,AAron
https://x.com/hopdaddi,Just Sittin‚Äô Here With My
https://x.com/mcapawas,Migs
https://x.com/TripleDDub,D Dub
https://x.com/Lonis_LA,Lonis
https://x.com/FroggyMcFroggin,Froggy McFroggins
https://x.com/CRUSADEwisdom,CRUSADEwisdom
https://x.com/willem18018594,Willem Witteveen
https://x.com/DbrxMosaicAI,Databricks Mosaic Research
https://x.com/MikeRil87348194,Mike Riley
https://x.com/DayMoon49026,Day Moon
https://x.com/Digital_Dunc,DD
https://x.com/HLichty83128,harryprofits
https://x.com/frogman206,Frogman206
https://x.com/fakron8859075,Fakron88
https://x.com/dozadoze1,Khadim
https://x.com/sirsimba55,sirsimba55
https://x.com/mralexreed,Plan X
https://x.com/IrrigationDoc,Irrigation Doctor
https://x.com/LexonSharkur,Lexon S.
https://x.com/s_trevathan,TangoRomeoEcho
https://x.com/AndrewHeidorn,Andrew
https://x.com/MrCrypto218,MrCrypto
https://x.com/ValhallaForAlll,HUNTER
https://x.com/LazyKidd1,Lazy Kidd
https://x.com/Kasiimh1,Kasiim
https://x.com/CryptoCriminal5,BlockChainTrucker
https://x.com/CryptoGibby,Crypto Gibby
https://x.com/crypto__betta,CRYPTO REALIST
https://x.com/chaun87,CmIFyC
https://x.com/Crypto_Ninja007,Crypto Ninja
https://x.com/Nicolas58117743,Nicolas Aparicio
https://x.com/gmjcrypto,Gary Jones
https://x.com/coffee_crypto12,$crypto master trader$
https://x.com/rbutler8585,Robert A Butler
https://x.com/raymond20104489,ray
https://x.com/Andrew97789510,Andrew
https://x.com/CruzMissilex,Dad
https://x.com/_UseCaseCrypto_,_UseCaseCrypto_
https://x.com/KryptoChris84,KryptoChris84
https://x.com/Gi11Sunny,Sunny Gill
https://x.com/trenderfx,trend
https://x.com/waitsnweights,Brandon
https://x.com/Gon_Phshng,Gon_Phishing
https://x.com/XrpBits,ùïèrp‚Ä¢Bits
https://x.com/D2BMTM,Crypto Funniest
https://x.com/salih_zouhair,Zouhair Salih
https://x.com/JH3944683696760,Not all who wonder are lost
https://x.com/Frantz83562059,Frantz
https://x.com/MAGAman45_47,You‚Äôre All Wrong
https://x.com/JohnPri19034626,XRPiesPeasn'Gravy
https://x.com/chrisurbinafit,chris
https://x.com/JackoMooon,Jackie Moon
https://x.com/GroppKyle,Kyle
https://x.com/EBRAATZ11,Elmer Braatz
https://x.com/neiljduncan,Neil.XRP {X}
https://x.com/nftRiver__,River
https://x.com/DayPrsnt,UpNorthTrip^
https://x.com/MerrickMotors,thewolfofcrypto
https://x.com/XRPinKE,XRPinKE
https://x.com/GlennSelbo,Glenn Selbo
https://x.com/Phoenixx589,The Phoenix
https://x.com/Salty205,Salty
https://x.com/_tyler824,Heisenberg
https://x.com/XRPHODLER1MIL,PlanX
https://x.com/XRPWISEOWL,OFFICER_ERIK81
https://x.com/joeahan1,Hansen...xrp
https://x.com/TheCrypto_203,203.Xrp
https://x.com/DangerMouseXRP,Danger Mouse XRP
https://x.com/XRPKING44,XRP King 44
https://x.com/NFAdotcrypto,NotFinancialAdvice.Crypto
https://x.com/jordan_adoni,Jordan Adoni
https://x.com/thebitcoinrings,Thebitcoinrings
https://x.com/KatiDid23,Kate the Great
https://x.com/FazNom,FazNom
https://x.com/xRenfieldx,Renfield
https://x.com/ichigekii,anknow
https://x.com/TEQNiKG,TEQNiK G
https://x.com/livinglegacy15,livinglegacy
https://x.com/TempleEC4Y7BB,Constantinople
https://x.com/tradeitnow1,tradeitnow
https://x.com/XRP_APEE,XRP
https://x.com/RBodossian,Rick Bodossian
https://x.com/nanashemefan,JAI (‚Ñè) ‚Ä¢ $HBAR to the moon!
https://x.com/TheWatcher405,The watcher
https://x.com/billonthehill,billonthehill
https://x.com/StymieWhite,Stymie White
https://x.com/sevenchakrasde1,crypto_lopuch
https://x.com/AssetConductor,Digital ‚Ç≥utonomous Conductor
https://x.com/AlanMoses18,Alan Moses
https://x.com/JasonUrness,Jason Urness
https://x.com/Tobi39112499,Tobi
https://x.com/GameReaper187,Game Reaper 187. XRP
